index,first_name,last_name,language
1,Lacy,Keefe,Romanian
2,Luisa,Nagy,English
3,Kristina,Pfeifer,Romanian
4,Lars,Greene,Romanian
5,Aileen,Olvera,English
6,Jayson,Voss,Spanish
7,Makaela,Norman,English
8,Eddie,Canady,Czech
9,Justyn,Montero,Polish
10,Susana,Conte,Czech
11,Darryl,Rushing,Czech
12,Juancarlos,Buss,English
13,Harley,Mai,Polish
14,Jalynn,Nava,Slovak
15,Travon,Keeton,Czech
16,Celine,Kasper,Spanish
17,Aden,Stahl,Czech
18,Sana,Van,English
19,Camille,Etheridge,English
20,Julieta,Shepherd,English
21,Aracely,Klein,Czech
22,Maegan,Derosa,Spanish
23,Gianni,Beckwith,Czech
24,Ann,King,Czech
25,Miracle,Rafferty,English
26,Tania,Vang,Romanian
27,Hayleigh,Jasper,Spanish
28,Leonard,Strand,English
29,Quinten,Botello,German
30,Wilson,Koehn,Spanish
31,Gabriella,Viera,Polish
32,Aysia,Huffman,German
33,Brannon,Kearns,Romanian
34,Bridgette,Kovacs,German
35,Allison,Ingram,German
36,Brandon,Cable,Romanian
37,Precious,Bolden,Slovak
38,Jerimiah,Leyva,Czech
39,Jared,Spaulding,Spanish
40,Cody,Lau,Spanish
41,Cameron,Hutton,Slovak
42,Rey,Bishop,Slovak
43,Carter,Winter,Slovak
44,Angelina,Wayne,English
45,Winston,Kenny,Romanian
46,Mark,Block,Polish
47,Hassan,Overstreet,Spanish
48,Arely,Lai,Polish
49,Santiago,Reedy,English
50,Arman,Murrell,Czech
51,Nicolette,Bridges,German
52,Emilio,Dagostino,German
53,Livia,Copeland,Romanian
54,Landon,Russell,German
55,Sterling,Villa,Czech
56,Jolene,Harter,Slovak
57,Makayla,Yost,English
58,Kyler,Cuellar,Romanian
59,Brianna,Sutton,Polish
60,Tristin,Longoria,German
61,Terrell,Hennessy,German
62,Terry,Hsu,Romanian
63,Edwin,Hartman,English
64,Jarvis,Donnelly,Polish
65,Javontena,Delossantos,German
66,Amari,London,German
67,Evan,Durant,German
68,Marcanthony,Aldrich,Slovak
69,Stefanie,Garrett,Slovak
70,Abel,Hagen,English
71,Marcus,Covey,Romanian
72,Gerard,Hein,English
73,Siobhan,Huynh,Romanian
74,Kalia,Aparicio,Spanish
75,Karolina,Goodman,Spanish
76,Cortney,Baum,Czech
77,Zander,Popp,Slovak
78,Jovanny,Early,German
79,Carolyn,Hinkle,Slovak
80,Baylor,Gale,Czech
81,Fallon,Bowers,Spanish
82,Edith,Howell,Polish
83,Jennifer,Baumann,English
84,Zion,Mohammed,Slovak
85,Kody,Harper,Polish
86,Jewel,McLeod,Romanian
87,Aja,Carney,Spanish
88,Annabella,Infante,Czech
89,Josh,Lima,Spanish
90,Estrella,Chastain,Romanian
91,Will,Chen,German
92,Khadijah,Toler,Spanish
93,Yamile,Clinton,Czech
94,Linnea,Brenner,Spanish
95,Landen,Stockton,English
96,Jordan,McCloud,German
97,Jerry,Coles,Romanian
98,Kasandra,Beach,Polish
99,Samaria,Olivares,Slovak
100,Cortez,Doss,English